,f1-score,precision,recall,support
CONFIRMED,0.8688524590163933,0.8582995951417004,0.8796680497925311,241.0
FALSE POSITIVE,0.9426523297491038,0.9477477477477477,0.9376114081996435,561.0
accuracy,0.9201995012468828,0.9201995012468828,0.9201995012468828,0.9201995012468828
macro avg,0.9057523943827486,0.9030236714447241,0.9086397289960872,802.0
weighted avg,0.9204755606137132,0.9208686894209929,0.9201995012468828,802.0
