,f1-score,precision,recall,support
CONFIRMED,0.8477366255144033,0.8408163265306122,0.8547717842323651,241.0
FALSE POSITIVE,0.9338103756708408,0.9371633752244165,0.93048128342246,561.0
accuracy,0.9077306733167082,0.9077306733167082,0.9077306733167082,0.9077306733167082
macro avg,0.8907735005926221,0.8889898508775144,0.8926265338274125,802.0
weighted avg,0.9079453210727092,0.9082112072254054,0.9077306733167082,802.0
